{"eval/loss": 1.0836076736450195, "eval/accuracy": 0.559, "eval/runtime": 232.7729, "eval/samples_per_second": 4.296, "eval/steps_per_second": 0.537, "train/epoch": 3.0, "train/global_step": 375, "_timestamp": 1679565110.2717361, "_runtime": 3070.82782125473, "_step": 3, "train/train_runtime": 3214.7533, "train/train_samples_per_second": 0.933, "train/train_steps_per_second": 0.117, "train/total_flos": 789354427392000.0, "train/train_loss": 1.0704484049479166, "_wandb": {"runtime": 3067}}